"species","dataset","tissue","condition","n","ngenes","design","assay","sample_type","accession","citation","license","file","status","note"
"human","GTEx","Adrenal","All",295,10432,"passive","RNAseq","in_vivo","GTEx_v10","GTEx Consortium 2020","dbGaP/Open","human/GTEx_Adrenal_All.rds","ingested",NA
"human","GTEx","Liver","All",262,8873,"passive","RNAseq","in_vivo","GTEx_v10","GTEx Consortium 2020","dbGaP/Open","human/GTEx_Liver_All.rds","ingested",NA
"human","GTEx","Adrenal_vs_Liver","All",NA,5000,"passive","RNAseq","in_vivo","GTEx_v10","GTEx Consortium 2020","dbGaP/Open","human/GTEx_AdrVsLiver_All.rds","ingested",NA
"human","GTEx","Adrenal_vs_Liver","Paired",NA,8059,"passive","RNAseq","in_vivo","GTEx_v10","GTEx Consortium 2020","dbGaP/Open","human/GTEx_AdrVsLiver_Paired.rds","ingested",NA
"human","GSE160521","NAc_Caudate_Putamen","Control",NA,14540,"passive","RNAseq","in_vivo","GSE160521","Ketchesin et al. 2021 (PNAS)","CC-BY","human/GSE160521_3Region_Control.rds","ingested",NA
"human","GSE160521","Caudate","Control",NA,15041,"passive","RNAseq","in_vivo","GSE160521","Ketchesin et al. 2021 (PNAS)","CC-BY","human/GSE160521_Caudate_Control.rds","ingested",NA
"human","GSE160521","NAc","Control",NA,15330,"passive","RNAseq","in_vivo","GSE160521","Ketchesin et al. 2021 (PNAS)","CC-BY","human/GSE160521_NAc_Control.rds","ingested",NA
"human","GSE160521","Putamen","Control",NA,14866,"passive","RNAseq","in_vivo","GSE160521","Ketchesin et al. 2021 (PNAS)","CC-BY","human/GSE160521_Putamen_Control.rds","ingested",NA
"human","GSE160521","NAc_vs_Putamen","Control",NA,14587,"passive","RNAseq","in_vivo","GSE160521","Ketchesin et al. 2021 (PNAS)","CC-BY","human/GSE160521_NAcVsPutamen_Control.rds","ingested",NA
"human","GSE160521","Putamen","Control_vs_SCZ",NA,14866,"passive","RNAseq","in_vivo","GSE160521","Ketchesin et al. 2021 (PNAS)","CC-BY","human/GSE160521_Putamen_CtrlVsSCZ.rds","ingested",NA
"human","GSE71620","BA11_BA47","Younger",NA,19998,"passive","microarray","in_vivo","GSE71620+CMC","Chen et al. 2016 (PNAS)","CMC restricted","human/GSE71620_BA11BA47_Younger.rds","ingested",NA
"human","Seney-ACC","ACC","Control",NA,14455,"passive","RNAseq","in_vivo","Seney_CMC","Seney et al. 2019","CMC restricted","human/Seney_ACC_Control.rds","ingested",NA
"mouse","D1D2","D1","Control",45,14355,"active","RNAseq","in_vivo","internal","Logan et al. (in-house)","internal","mouse/D1D2_D1_Control.rds","ingested",NA
"mouse","D1D2","D2","Control",46,14355,"active","RNAseq","in_vivo","internal","Logan et al. (in-house)","internal","mouse/D1D2_D2_Control.rds","ingested",NA
"baboon","GSE98965","COR","All",12,4938,"active","microarray","in_vivo","GSE98965","Mure et al. 2018 (Science)","CC-BY","baboon/GSE98965_COR_All.rds","ingested",NA
"baboon","GSE98965","ONH","All",12,4938,"active","microarray","in_vivo","GSE98965","Mure et al. 2018 (Science)","CC-BY","baboon/GSE98965_ONH_All.rds","ingested",NA
"baboon","GSE98965","RET","All",12,4938,"active","microarray","in_vivo","GSE98965","Mure et al. 2018 (Science)","CC-BY","baboon/GSE98965_RET_All.rds","ingested",NA
"baboon","GSE98965","RPE","All",12,4938,"active","microarray","in_vivo","GSE98965","Mure et al. 2018 (Science)","CC-BY","baboon/GSE98965_RPE_All.rds","ingested",NA
"baboon","GSE98965","ADC","All",12,4938,"active","microarray","in_vivo","GSE98965","Mure et al. 2018 (Science)","CC-BY","baboon/GSE98965_ADC_All.rds","ingested",NA
"baboon","GSE98965","ADM","All",12,4938,"active","microarray","in_vivo","GSE98965","Mure et al. 2018 (Science)","CC-BY","baboon/GSE98965_ADM_All.rds","ingested",NA
"baboon","GSE98965","PIN","All",12,4938,"active","microarray","in_vivo","GSE98965","Mure et al. 2018 (Science)","CC-BY","baboon/GSE98965_PIN_All.rds","ingested",NA
"baboon","GSE98965","PIT","All",12,4938,"active","microarray","in_vivo","GSE98965","Mure et al. 2018 (Science)","CC-BY","baboon/GSE98965_PIT_All.rds","ingested",NA
"baboon","GSE98965","THR","All",12,4938,"active","microarray","in_vivo","GSE98965","Mure et al. 2018 (Science)","CC-BY","baboon/GSE98965_THR_All.rds","ingested",NA
"baboon","GSE98965","LUN","All",12,4938,"active","microarray","in_vivo","GSE98965","Mure et al. 2018 (Science)","CC-BY","baboon/GSE98965_LUN_All.rds","ingested",NA
"baboon","GSE98965","AXL","All",12,4938,"active","microarray","in_vivo","GSE98965","Mure et al. 2018 (Science)","CC-BY","baboon/GSE98965_AXL_All.rds","ingested",NA
"baboon","GSE98965","BOM","All",12,4938,"active","microarray","in_vivo","GSE98965","Mure et al. 2018 (Science)","CC-BY","baboon/GSE98965_BOM_All.rds","ingested",NA
"baboon","GSE98965","MEL","All",12,4938,"active","microarray","in_vivo","GSE98965","Mure et al. 2018 (Science)","CC-BY","baboon/GSE98965_MEL_All.rds","ingested",NA
"baboon","GSE98965","SPL","All",12,4938,"active","microarray","in_vivo","GSE98965","Mure et al. 2018 (Science)","CC-BY","baboon/GSE98965_SPL_All.rds","ingested",NA
"baboon","GSE98965","LIV","All",12,4938,"active","microarray","in_vivo","GSE98965","Mure et al. 2018 (Science)","CC-BY","baboon/GSE98965_LIV_All.rds","ingested",NA
"baboon","GSE98965","PAN","All",12,4938,"active","microarray","in_vivo","GSE98965","Mure et al. 2018 (Science)","CC-BY","baboon/GSE98965_PAN_All.rds","ingested",NA
"baboon","GSE98965","TES","All",12,4938,"active","microarray","in_vivo","GSE98965","Mure et al. 2018 (Science)","CC-BY","baboon/GSE98965_TES_All.rds","ingested",NA
"baboon","GSE98965","OMF","All",12,4938,"active","microarray","in_vivo","GSE98965","Mure et al. 2018 (Science)","CC-BY","baboon/GSE98965_OMF_All.rds","ingested",NA
"baboon","GSE98965","WAM","All",12,4938,"active","microarray","in_vivo","GSE98965","Mure et al. 2018 (Science)","CC-BY","baboon/GSE98965_WAM_All.rds","ingested",NA
"baboon","GSE98965","WAP","All",12,4938,"active","microarray","in_vivo","GSE98965","Mure et al. 2018 (Science)","CC-BY","baboon/GSE98965_WAP_All.rds","ingested",NA
"baboon","GSE98965","WAR","All",12,4938,"active","microarray","in_vivo","GSE98965","Mure et al. 2018 (Science)","CC-BY","baboon/GSE98965_WAR_All.rds","ingested",NA
"baboon","GSE98965","WAS","All",12,4938,"active","microarray","in_vivo","GSE98965","Mure et al. 2018 (Science)","CC-BY","baboon/GSE98965_WAS_All.rds","ingested",NA
"baboon","GSE98965","WAT","All",12,4938,"active","microarray","in_vivo","GSE98965","Mure et al. 2018 (Science)","CC-BY","baboon/GSE98965_WAT_All.rds","ingested",NA
"baboon","GSE98965","SKI","All",12,4938,"active","microarray","in_vivo","GSE98965","Mure et al. 2018 (Science)","CC-BY","baboon/GSE98965_SKI_All.rds","ingested",NA
"baboon","GSE98965","BLA","All",12,4938,"active","microarray","in_vivo","GSE98965","Mure et al. 2018 (Science)","CC-BY","baboon/GSE98965_BLA_All.rds","ingested",NA
"baboon","GSE98965","KIC","All",12,4938,"active","microarray","in_vivo","GSE98965","Mure et al. 2018 (Science)","CC-BY","baboon/GSE98965_KIC_All.rds","ingested",NA
"baboon","GSE98965","KIM","All",12,4938,"active","microarray","in_vivo","GSE98965","Mure et al. 2018 (Science)","CC-BY","baboon/GSE98965_KIM_All.rds","ingested",NA
"baboon","GSE98965","AMY","All",12,4938,"active","microarray","in_vivo","GSE98965","Mure et al. 2018 (Science)","CC-BY","baboon/GSE98965_AMY_All.rds","ingested",NA
"baboon","GSE98965","ARC","All",12,4938,"active","microarray","in_vivo","GSE98965","Mure et al. 2018 (Science)","CC-BY","baboon/GSE98965_ARC_All.rds","ingested",NA
"baboon","GSE98965","CER","All",12,4938,"active","microarray","in_vivo","GSE98965","Mure et al. 2018 (Science)","CC-BY","baboon/GSE98965_CER_All.rds","ingested",NA
"baboon","GSE98965","HAB","All",12,4938,"active","microarray","in_vivo","GSE98965","Mure et al. 2018 (Science)","CC-BY","baboon/GSE98965_HAB_All.rds","ingested",NA
"baboon","GSE98965","HIP","All",12,4938,"active","microarray","in_vivo","GSE98965","Mure et al. 2018 (Science)","CC-BY","baboon/GSE98965_HIP_All.rds","ingested",NA
"baboon","GSE98965","LGP","All",12,4938,"active","microarray","in_vivo","GSE98965","Mure et al. 2018 (Science)","CC-BY","baboon/GSE98965_LGP_All.rds","ingested",NA
"baboon","GSE98965","LH","All",12,4938,"active","microarray","in_vivo","GSE98965","Mure et al. 2018 (Science)","CC-BY","baboon/GSE98965_LH_All.rds","ingested",NA
"baboon","GSE98965","MGP","All",12,4938,"active","microarray","in_vivo","GSE98965","Mure et al. 2018 (Science)","CC-BY","baboon/GSE98965_MGP_All.rds","ingested",NA
"baboon","GSE98965","MMB","All",12,4938,"active","microarray","in_vivo","GSE98965","Mure et al. 2018 (Science)","CC-BY","baboon/GSE98965_MMB_All.rds","ingested",NA
"baboon","GSE98965","OLB","All",12,4938,"active","microarray","in_vivo","GSE98965","Mure et al. 2018 (Science)","CC-BY","baboon/GSE98965_OLB_All.rds","ingested",NA
"baboon","GSE98965","PON","All",12,4938,"active","microarray","in_vivo","GSE98965","Mure et al. 2018 (Science)","CC-BY","baboon/GSE98965_PON_All.rds","ingested",NA
"baboon","GSE98965","PRA","All",12,4938,"active","microarray","in_vivo","GSE98965","Mure et al. 2018 (Science)","CC-BY","baboon/GSE98965_PRA_All.rds","ingested",NA
"baboon","GSE98965","PRC","All",12,4938,"active","microarray","in_vivo","GSE98965","Mure et al. 2018 (Science)","CC-BY","baboon/GSE98965_PRC_All.rds","ingested",NA
"baboon","GSE98965","PUT","All",12,4938,"active","microarray","in_vivo","GSE98965","Mure et al. 2018 (Science)","CC-BY","baboon/GSE98965_PUT_All.rds","ingested",NA
"baboon","GSE98965","PVN","All",12,4938,"active","microarray","in_vivo","GSE98965","Mure et al. 2018 (Science)","CC-BY","baboon/GSE98965_PVN_All.rds","ingested",NA
"baboon","GSE98965","SCN","All",12,4938,"active","microarray","in_vivo","GSE98965","Mure et al. 2018 (Science)","CC-BY","baboon/GSE98965_SCN_All.rds","ingested",NA
"baboon","GSE98965","SON","All",12,4938,"active","microarray","in_vivo","GSE98965","Mure et al. 2018 (Science)","CC-BY","baboon/GSE98965_SON_All.rds","ingested",NA
"baboon","GSE98965","SUN","All",12,4938,"active","microarray","in_vivo","GSE98965","Mure et al. 2018 (Science)","CC-BY","baboon/GSE98965_SUN_All.rds","ingested",NA
"baboon","GSE98965","THA","All",12,4938,"active","microarray","in_vivo","GSE98965","Mure et al. 2018 (Science)","CC-BY","baboon/GSE98965_THA_All.rds","ingested",NA
"baboon","GSE98965","VIC","All",12,4938,"active","microarray","in_vivo","GSE98965","Mure et al. 2018 (Science)","CC-BY","baboon/GSE98965_VIC_All.rds","ingested",NA
"baboon","GSE98965","VMH","All",12,4938,"active","microarray","in_vivo","GSE98965","Mure et al. 2018 (Science)","CC-BY","baboon/GSE98965_VMH_All.rds","ingested",NA
"baboon","GSE98965","AOR","All",12,4938,"active","microarray","in_vivo","GSE98965","Mure et al. 2018 (Science)","CC-BY","baboon/GSE98965_AOR_All.rds","ingested",NA
"baboon","GSE98965","HEA","All",12,4938,"active","microarray","in_vivo","GSE98965","Mure et al. 2018 (Science)","CC-BY","baboon/GSE98965_HEA_All.rds","ingested",NA
"baboon","GSE98965","MUA","All",12,4938,"active","microarray","in_vivo","GSE98965","Mure et al. 2018 (Science)","CC-BY","baboon/GSE98965_MUA_All.rds","ingested",NA
"baboon","GSE98965","MUG","All",12,4938,"active","microarray","in_vivo","GSE98965","Mure et al. 2018 (Science)","CC-BY","baboon/GSE98965_MUG_All.rds","ingested",NA
"baboon","GSE98965","ANT","All",12,4938,"active","microarray","in_vivo","GSE98965","Mure et al. 2018 (Science)","CC-BY","baboon/GSE98965_ANT_All.rds","ingested",NA
"baboon","GSE98965","ASC","All",12,4938,"active","microarray","in_vivo","GSE98965","Mure et al. 2018 (Science)","CC-BY","baboon/GSE98965_ASC_All.rds","ingested",NA
"baboon","GSE98965","CEC","All",12,4938,"active","microarray","in_vivo","GSE98965","Mure et al. 2018 (Science)","CC-BY","baboon/GSE98965_CEC_All.rds","ingested",NA
"baboon","GSE98965","DEC","All",12,4938,"active","microarray","in_vivo","GSE98965","Mure et al. 2018 (Science)","CC-BY","baboon/GSE98965_DEC_All.rds","ingested",NA
"baboon","GSE98965","DUO","All",12,4938,"active","microarray","in_vivo","GSE98965","Mure et al. 2018 (Science)","CC-BY","baboon/GSE98965_DUO_All.rds","ingested",NA
"baboon","GSE98965","ILE","All",12,4938,"active","microarray","in_vivo","GSE98965","Mure et al. 2018 (Science)","CC-BY","baboon/GSE98965_ILE_All.rds","ingested",NA
"baboon","GSE98965","OES","All",12,4938,"active","microarray","in_vivo","GSE98965","Mure et al. 2018 (Science)","CC-BY","baboon/GSE98965_OES_All.rds","ingested",NA
"baboon","GSE98965","SMM","All",12,4938,"active","microarray","in_vivo","GSE98965","Mure et al. 2018 (Science)","CC-BY","baboon/GSE98965_SMM_All.rds","ingested",NA
"baboon","GSE98965","STF","All",12,4938,"active","microarray","in_vivo","GSE98965","Mure et al. 2018 (Science)","CC-BY","baboon/GSE98965_STF_All.rds","ingested",NA
"mouse","GSE54651","ADR","All",8,15836,"active","microarray","in_vivo","GSE54651","Zhang et al. 2014 (PNAS)","CC-BY","mouse/GSE54651_ADR_All.rds","ingested",NA
"mouse","GSE54651","AOR","All",8,15468,"active","microarray","in_vivo","GSE54651","Zhang et al. 2014 (PNAS)","CC-BY","mouse/GSE54651_AOR_All.rds","ingested",NA
"mouse","GSE54651","CER","All",8,15546,"active","microarray","in_vivo","GSE54651","Zhang et al. 2014 (PNAS)","CC-BY","mouse/GSE54651_CER_All.rds","ingested",NA
"mouse","GSE54651","HEA","All",8,14776,"active","microarray","in_vivo","GSE54651","Zhang et al. 2014 (PNAS)","CC-BY","mouse/GSE54651_HEA_All.rds","ingested",NA
"mouse","GSE54651","HYP","All",8,16226,"active","microarray","in_vivo","GSE54651","Zhang et al. 2014 (PNAS)","CC-BY","mouse/GSE54651_HYP_All.rds","ingested",NA
"mouse","GSE54651","KIC","All",8,15344,"active","microarray","in_vivo","GSE54651","Zhang et al. 2014 (PNAS)","CC-BY","mouse/GSE54651_KIC_All.rds","ingested",NA
"mouse","GSE54651","LIV","All",8,14200,"active","microarray","in_vivo","GSE54651","Zhang et al. 2014 (PNAS)","CC-BY","mouse/GSE54651_LIV_All.rds","ingested",NA
"mouse","GSE54651","LUN","All",8,15964,"active","microarray","in_vivo","GSE54651","Zhang et al. 2014 (PNAS)","CC-BY","mouse/GSE54651_LUN_All.rds","ingested",NA
"mouse","GSE54651","MUS","All",8,14819,"active","microarray","in_vivo","GSE54651","Zhang et al. 2014 (PNAS)","CC-BY","mouse/GSE54651_MUS_All.rds","ingested",NA
"mouse","GSE49638","MEF","All",NA,NA,"active","RNAseq","cell_line","GSE49638","Menet et al. 2014","CC-BY","mouse/GSE49638_MEF_All.rds","skipped_low_priority",NA
"mouse","GSE10045","Heart","Atrium_WT",32,46120,"active","microarray","in_vivo","GSE10045","Storch et al. 2007","CC-BY","mouse/GSE10045_Heart_AtriumWT.rds","ingested","ZT from characteristics_ch1.1"
"mouse","GSE10045","Heart","Atrium_CCM-Tg",32,46120,"active","microarray","in_vivo","GSE10045","Storch et al. 2007","CC-BY","mouse/GSE10045_Heart_AtriumCCMTg.rds","ingested","ZT from characteristics_ch1.1"
"mouse","GSE10045","Heart","Ventricle_WT",34,46120,"active","microarray","in_vivo","GSE10045","Storch et al. 2007","CC-BY","mouse/GSE10045_Heart_VentricleWT.rds","ingested","ZT from characteristics_ch1.1"
"mouse","GSE10045","Heart","Ventricle_CCM-Tg",32,46120,"active","microarray","in_vivo","GSE10045","Storch et al. 2007","CC-BY","mouse/GSE10045_Heart_VentricleCCMTg.rds","ingested","ZT from characteristics_ch1.1"
"mouse","GSE34018","Liver","WT",NA,NA,"active","microarray","in_vivo","GSE34018","Cho et al. 2012","CC-BY","mouse/GSE34018_Liver_WT.rds","skipped_low_priority",NA
"mouse","GSE34018","Liver","RevErbDKO",NA,NA,"active","microarray","in_vivo","GSE34018","Cho et al. 2012","CC-BY","mouse/GSE34018_Liver_RevErbDKO.rds","skipped_low_priority",NA
"mouse","GSE10644","Colon","All",18,45101,"active","microarray","in_vivo","GSE10644","Hoogerwerf et al. 2008","CC-BY","mouse/GSE10644_Colon_All.rds","ingested",""
"mouse","GSE78215","Cortex","SleepDep",7,41345,"active","microarray","in_vivo","GSE78215","Curie et al. 2015","CC-BY","mouse/GSE78215_Cortex_SleepDep.rds","ingested",""
"mouse","GSE78215","Cortex","Control",34,41345,"active","microarray","in_vivo","GSE78215","Curie et al. 2015","CC-BY","mouse/GSE78215_Cortex_Control.rds","ingested",""
"mouse","GSE11922","NIH3T3","All",NA,NA,"active","microarray","cell_line","GSE11922","Hughes et al. 2009","CC-BY","mouse/GSE11922_NIH3T3_All.rds","skipped_low_priority",NA
"mouse","GSE11923","Liver","All",48,45101,"active","microarray","in_vivo","GSE11923","Hughes et al. 2009","CC-BY","mouse/GSE11923_Liver_All.rds","ingested",""
"mouse","GSE52333","Liver","Chow",NA,NA,"active","RNAseq","in_vivo","GSE52333","Eckel-Mahan et al. 2013","CC-BY","mouse/GSE52333_Liver_Chow.rds","skipped_low_priority",NA
"mouse","GSE52333","Liver","HFD",NA,NA,"active","RNAseq","in_vivo","GSE52333","Eckel-Mahan et al. 2013","CC-BY","mouse/GSE52333_Liver_HFD.rds","skipped_low_priority",NA
"mouse","GSE73222","Liver","WT",NA,NA,"active","RNAseq","in_vivo","GSE73222","Mukherji et al. 2015","CC-BY","mouse/GSE73222_Liver_WT.rds","skipped_low_priority",NA
"mouse","GSE73222","Liver","Tumor",NA,NA,"active","RNAseq","in_vivo","GSE73222","Mukherji et al. 2015","CC-BY","mouse/GSE73222_Liver_Tumor.rds","skipped_low_priority",NA
"mouse","GSE57830","Liver","WT",NA,NA,"active","microarray","in_vivo","GSE57830","Masri et al. 2014","CC-BY","mouse/GSE57830_Liver_WT.rds","skipped_low_priority",NA
"mouse","GSE57830","Liver","SIRT1-KO",NA,NA,"active","microarray","in_vivo","GSE57830","Masri et al. 2014","CC-BY","mouse/GSE57830_Liver_SIRT1KO.rds","skipped_low_priority",NA
"mouse","GSE57830","Liver","SIRT6-KO",NA,NA,"active","microarray","in_vivo","GSE57830","Masri et al. 2014","CC-BY","mouse/GSE57830_Liver_SIRT6KO.rds","skipped_low_priority",NA
"mouse","GSE11516","Liver","DD",36,46628,"active","microarray","in_vivo","GSE11516","Miller et al. 2007","CC-BY","mouse/GSE11516_Liver_DD.rds","ingested",""
"mouse","GSE27366","Kidney","WT",22,35556,"active","microarray","in_vivo","GSE27366","Zhang et al. 2014","CC-BY","mouse/GSE27366_Kidney_WT.rds","ingested",""
"mouse","GSE27366","Kidney","ClockKO",22,35556,"active","microarray","in_vivo","GSE27366","Zhang et al. 2014","CC-BY","mouse/GSE27366_Kidney_ClockKO.rds","ingested",""
"mouse","GSE35026","Adipose","WT",24,35556,"active","microarray","in_vivo","GSE35026","Paschos et al. 2012","CC-BY","mouse/GSE35026_Adipose_WT.rds","ingested",""
"mouse","GSE35026","Adipose","Bmal1KO",24,35556,"active","microarray","in_vivo","GSE35026","Paschos et al. 2012","CC-BY","mouse/GSE35026_Adipose_Bmal1KO.rds","ingested",""
"mouse","GSE84580","Muscle","All",104,45141,"active","RNAseq","in_vivo","GSE84580","Solanas et al. 2017","CC-BY","mouse/GSE84580_Muscle_All.rds","ingested",""
"mouse","GSE54650","Atlas","All",288,35556,"active","microarray","in_vivo","GSE54650","Zhang et al. 2014","CC-BY","mouse/GSE54650_Atlas_All.rds","ingested",""
"mouse","GSE201207","Brain","All",216,43630,"active","RNAseq","in_vivo","GSE201207","GEO 2022","CC-BY","mouse/GSE201207_Brain_All.rds","ingested",""
"mouse","GSE70497","Liver","All",48,23732,"active","RNAseq","in_vivo","GSE70497","Atger et al. 2015","CC-BY","mouse/GSE70497_Liver_All.rds","ingested",""
"mouse","GSE36975","Brain","All",24,21788,"active","microarray","in_vivo","GSE36975","GEO 2012","CC-BY","mouse/GSE36975_Brain_All.rds","ingested",""
"mouse","GSE38622","SCN","All",13,35557,"active","microarray","in_vivo","GSE38622","Pembroke et al. 2015","CC-BY","mouse/GSE38622_SCN_All.rds","ingested",""
"mouse","GSE39977","Macrophage","All",NA,NA,"active","microarray","in_vivo","GSE39977","Keller et al. 2013","CC-BY","mouse/GSE39977_Macrophage_All.rds","download_failed","exprs empty and no parseable suppl matrix"
"mouse","GSE83855","Liver","All",24,24844,"active","RNAseq","in_vivo","GSE83855","Wang et al. 2017","CC-BY","mouse/GSE83855_Liver_All.rds","ingested",""
"mouse","GSE182856","Tissue","All",NA,NA,"active","RNAseq","in_vivo","GSE182856","GEO 2021","CC-BY","mouse/GSE182856_Tissue_All.rds","download_failed","exprs empty and no parseable suppl matrix"
"mouse","GSE190939","Tissue","All",NA,NA,"active","RNAseq","in_vivo","GSE190939","GEO 2021","CC-BY","mouse/GSE190939_Tissue_All.rds","download_failed","exprs empty and no parseable suppl matrix"
"mouse","GSE198015","Tissue","All",NA,NA,"active","RNAseq","in_vivo","GSE198015","GEO 2022","CC-BY","mouse/GSE198015_Tissue_All.rds","download_failed","exprs empty and no parseable suppl matrix"
"mouse","GSE197199","Tissue","All",8,38351,"active","RNAseq","in_vivo","GSE197199","GEO 2022","CC-BY","mouse/GSE197199_Tissue_All.rds","ingested",NA
"mouse","GSE197524","Tissue","All",NA,NA,"active","RNAseq","in_vivo","GSE197524","GEO 2022","CC-BY","mouse/GSE197524_Tissue_All.rds","download_failed","exprs empty and no parseable suppl matrix"
"mouse","GSE131063","Tissue","All",NA,NA,"active","RNAseq","in_vivo","GSE131063","GEO 2019","CC-BY","mouse/GSE131063_Tissue_All.rds","download_failed","getGEO returned NULL"
"mouse","GSE104336","Tissue","All",NA,NA,"active","RNAseq","in_vivo","GSE104336","GEO 2017","CC-BY","mouse/GSE104336_Tissue_All.rds","download_failed","exprs empty and no parseable suppl matrix"
"mouse","GSE145883","Tissue","All",NA,NA,"active","RNAseq","in_vivo","GSE145883","GEO 2020","CC-BY","mouse/GSE145883_Tissue_All.rds","download_failed","exprs empty and no parseable suppl matrix"
"mouse","GSE165856","Tissue","All",NA,NA,"active","RNAseq","in_vivo","GSE165856","GEO 2021","CC-BY","mouse/GSE165856_Tissue_All.rds","download_failed","exprs empty and no parseable suppl matrix"
"mouse","GSE159960","Tissue","All",NA,NA,"active","RNAseq","in_vivo","GSE159960","GEO 2020","CC-BY","mouse/GSE159960_Tissue_All.rds","download_failed","exprs empty and no parseable suppl matrix"
"mouse","GSE193660","Tissue","All",NA,NA,"active","RNAseq","in_vivo","GSE193660","GEO 2022","CC-BY","mouse/GSE193660_Tissue_All.rds","download_failed","exprs empty and no parseable suppl matrix"
"mouse","GSE149092","Tissue","All",NA,NA,"active","RNAseq","in_vivo","GSE149092","GEO 2020","CC-BY","mouse/GSE149092_Tissue_All.rds","download_failed","exprs empty and no parseable suppl matrix"
"mouse","GSE164047","Tissue","All",NA,NA,"active","RNAseq","in_vivo","GSE164047","GEO 2021","CC-BY","mouse/GSE164047_Tissue_All.rds","download_failed","exprs empty and no parseable suppl matrix"
"human","GSE48113","Blood","All",287,34415,"active","microarray","in_vivo","GSE48113","Moller-Levet et al. 2013","CC-BY","human/GSE48113_Blood_All.rds","ingested",""
"human","GSE39445","Blood","All",438,43758,"active","microarray","in_vivo","GSE39445","Archer et al. 2014","CC-BY","human/GSE39445_Blood_All.rds","ingested",""
"human","GSE104674","Muscle","All",48,19820,"active","RNAseq","in_vivo","GSE104674","Perrin et al. 2018","CC-BY","human/GSE104674_Muscle_All.rds","ingested",""
"human","GSE76896","Adipose","All",NA,NA,"active","RNAseq","in_vivo","GSE76896","Loboda et al. 2009","CC-BY","human/GSE76896_Adipose_All.rds","no_tod_metadata","no TOD col among: title|geo_accession|status|submission_date|last_update_date|type|channel_count|source_name_ch1|organism_ch1|characteristics_ch1|characteristics_ch1.1|characteristics_ch1.2|characteristics_ch1.3|characteristics_ch1.4|characteristics_ch1.5|molecule_ch1|extract_protocol_ch1|label_ch1|label_protocol_ch1|taxid_ch1|hyb_protocol|scan_protocol|data_processing|data_processing.1|data_processing.2|data_processing.3|platform_id|contact_name|contact_department|contact_institute|contact_address|contact_city|contact_zip/postal_code|contact_country|supplementary_file|data_row_count|age (years):ch1|batch:ch1|body mass index (bmi):ch1|diabetes status (nd (non-diabetic), t2d (type 2 diabetic), igt (impaired glucose tolerance, t3cd (type 3 diabetic)):ch1|diabetes status (nd (non-diabetic), t2d (type 2 diabetic)):ch1|fasting glucose (mmol/l):ch1|gender (m/f):ch1|icu (intensive care unit) glycemia (mmol/l):ch1"
"human","GSE45642","Brain","All",NA,NA,"passive","microarray","in_vivo","GSE45642","Li et al. 2013","CC-BY","human/GSE45642_Brain_All.rds","no_tod_metadata","no TOD col among: title|geo_accession|status|submission_date|last_update_date|type|channel_count|source_name_ch1|organism_ch1|characteristics_ch1|characteristics_ch1.1|characteristics_ch1.2|characteristics_ch1.3|molecule_ch1|extract_protocol_ch1|label_ch1|label_protocol_ch1|taxid_ch1|hyb_protocol|scan_protocol|data_processing|platform_id|contact_name|contact_email|contact_laboratory|contact_department|contact_institute|contact_address|contact_city|contact_state|contact_zip/postal_code|contact_country|supplementary_file|data_row_count|brain region:ch1|genechip assay site:ch1|original genechip type:ch1|subject id:ch1"
"human","GSE114918","Hair","All",NA,NA,"active","RNAseq","in_vivo","GSE114918","Akashi et al. 2010","CC-BY","human/GSE114918_Hair_All.rds","download_failed","exprs empty and no parseable suppl matrix"
"human","GSE113883","Skin","All",95,36662,"active","RNAseq","in_vivo","GSE113883","Wu et al. 2018","CC-BY","human/GSE113883_Skin_All.rds","ingested",""
"human","GSE182740","Skin","All",NA,NA,"active","RNAseq","in_vivo","GSE182740","Welz et al. 2019","CC-BY","human/GSE182740_Skin_All.rds","no_tod_metadata","no TOD col among: title|geo_accession|status|submission_date|last_update_date|type|channel_count|source_name_ch1|organism_ch1|characteristics_ch1|characteristics_ch1.1|characteristics_ch1.2|characteristics_ch1.3|characteristics_ch1.4|characteristics_ch1.5|characteristics_ch1.6|characteristics_ch1.7|molecule_ch1|extract_protocol_ch1|label_ch1|label_protocol_ch1|taxid_ch1|hyb_protocol|scan_protocol|data_processing|platform_id|contact_name|contact_department|contact_institute|contact_address|contact_city|contact_state|contact_zip/postal_code|contact_country|supplementary_file|data_row_count|relation|disease:ch1|eczema area and severity index (easi):ch1|lesional (ls) vs. nonlesional (nl) vs. normal:ch1|psoriasis area and diseave severity index (pasi):ch1|sample relation with gse78097 (reanalysis):ch1|scoring atopic dermatitis (scorad):ch1|tissue:ch1|treatment:ch1"
"human","GSE158422","Lung","NSCLC_adjacent_normal",NA,NA,"passive","RNAseq","in_vivo","GSE158422","GEO 2020","CC-BY","human/GSE158422_Lung_NSCLCadjacentnormal.rds","no_tod_metadata","no TOD col among: title|geo_accession|status|submission_date|last_update_date|type|channel_count|source_name_ch1|organism_ch1|characteristics_ch1|molecule_ch1|extract_protocol_ch1|extract_protocol_ch1.1|label_ch1|label_protocol_ch1|taxid_ch1|hyb_protocol|scan_protocol|data_processing|data_processing.1|data_processing.2|platform_id|contact_name|contact_laboratory|contact_department|contact_institute|contact_address|contact_city|contact_state|contact_zip/postal_code|contact_country|supplementary_file|supplementary_file.1|data_row_count|tumor:ch1"
"human","GSE128380","DLPFC","SCZ_Control",NA,NA,"passive","RNAseq","in_vivo","GSE128380","Seney et al. 2019","CMC restricted","human/GSE128380_DLPFC_SCZControl.rds","controlled",NA
"human","GSE174409","DLPFC_NAc","OUD_Control",NA,NA,"passive","RNAseq","in_vivo","GSE174409","Seney et al. 2021","CMC restricted","human/GSE174409_DLPFCNAc_OUDControl.rds","controlled",NA
"human","GSE177044","DLPFC","SexDiffs",NA,NA,"passive","RNAseq","in_vivo","GSE177044","Seney et al. 2022","CMC restricted","human/GSE177044_DLPFC_SexDiffs.rds","controlled",NA
"human","GSE201862","PancreasIslet","All",NA,NA,"active","scRNAseq","cell_line","GSE201862","GEO 2022","CC-BY","human/GSE201862_PancreasIslet_All.rds","download_failed","getGEO returned NULL"
"human","GSE125521","Blood","All",NA,NA,"active","RNAseq","in_vivo","GSE125521","Archer et al. 2019","CC-BY","human/GSE125521_Blood_All.rds","no_tod_metadata","no TOD col among: title|geo_accession|status|submission_date|last_update_date|type|channel_count|source_name_ch1|organism_ch1|characteristics_ch1|characteristics_ch1.1|characteristics_ch1.2|treatment_protocol_ch1|growth_protocol_ch1|molecule_ch1|extract_protocol_ch1|label_ch1|label_protocol_ch1|taxid_ch1|hyb_protocol|scan_protocol|description|data_processing|platform_id|contact_name|contact_email|contact_department|contact_institute|contact_address|contact_city|contact_zip/postal_code|contact_country|supplementary_file|data_row_count|gender:ch1|strain:ch1|tissue:ch1"
"human","GSE99905","Saliva","All",NA,NA,"passive","RNAseq","in_vivo","GSE99905","GEO 2017","CC-BY","human/GSE99905_Saliva_All.rds","download_failed","exprs empty and no parseable suppl matrix"
"other_primate","E-MTAB-9606","Pineal_Cortex","All",NA,NA,"active","RNAseq","in_vivo","E-MTAB-9606","Marmoset 2020","CC-BY","other_primate/E-MTAB-9606_PinealCortex_All.rds","download_failed","getGEO returned NULL"
"other_primate","GSE143038","Hypothalamus_SCN","All",NA,NA,"active","RNAseq","in_vivo","GSE143038","Rhesus 2020","CC-BY","other_primate/GSE143038_HypothalamusSCN_All.rds","download_failed","exprs empty and no parseable suppl matrix"
"rat","GSE46069","Pineal_Retina","All",14,14742,"active","microarray","in_vivo","GSE46069","Bailey et al. 2009","CC-BY","rat/GSE46069_PinealRetina_All.rds","ingested","via colname TOD"
"rat","GSE1654","SCN","Cell",NA,NA,"active","microarray","cell_line","GSE1654","GEO 2004","CC-BY","rat/GSE1654_SCN_Cell.rds","skipped_low_priority",NA
"rat","GSE169501","Liver","Arm1",NA,NA,"active","RNAseq","in_vivo","GSE169501","GEO 2021","CC-BY","rat/GSE169501_Liver_Arm1.rds","download_failed","exprs empty and no parseable suppl matrix"
"rat","GSE169501","Liver","Arm2",NA,NA,"active","RNAseq","in_vivo","GSE169501","GEO 2021","CC-BY","rat/GSE169501_Liver_Arm2.rds","download_failed","exprs empty and no parseable suppl matrix"
"rat","GSE169501","Liver","Arm3",NA,NA,"active","RNAseq","in_vivo","GSE169501","GEO 2021","CC-BY","rat/GSE169501_Liver_Arm3.rds","download_failed","exprs empty and no parseable suppl matrix"
"rat","GSE25612","Lung","All",54,31099,"active","microarray","in_vivo","GSE25612","GEO 2011","CC-BY","rat/GSE25612_Lung_All.rds","ingested",""
"rat","GSE20635","Adipose","All",52,31099,"active","microarray","in_vivo","GSE20635","GEO 2010","CC-BY","rat/GSE20635_Adipose_All.rds","ingested",""
"rat","GSE8988","Liver","All",54,15923,"active","microarray","in_vivo","GSE8988","Almon et al. 2008","CC-BY","rat/GSE8988_Liver_All.rds","ingested",""
"rat","GSE8989","Muscle","All",54,15923,"active","microarray","in_vivo","GSE8989","Almon et al. 2008","CC-BY","rat/GSE8989_Muscle_All.rds","ingested",""
"rat","GSE5417","Heart","All",NA,NA,"active","microarray","in_vivo","GSE5417","GEO 2006","CC-BY","rat/GSE5417_Heart_All.rds","wrong_accession_not_circadian","GSE5417 is MDA-MB231 breast cancer data, not Martino rat heart; manifest entry needs reassignment"
"rat","GSE51220","Liver","Chow",NA,NA,"active","microarray","in_vivo","GSE51220","GEO 2013","CC-BY","rat/GSE51220_Liver_Chow.rds","skipped_low_priority",NA
"rat","GSE51220","Liver","EtOH",NA,NA,"active","microarray","in_vivo","GSE51220","GEO 2013","CC-BY","rat/GSE51220_Liver_EtOH.rds","skipped_low_priority",NA
"rat","GSE161617","SCN","All",NA,NA,"active","RNAseq","in_vivo","GSE161617","GEO 2020","CC-BY","rat/GSE161617_SCN_All.rds","download_failed","exprs empty and no parseable suppl matrix"
"rat","GSE127919","SCN","LCM",36,25615,"active","RNAseq","in_vivo","GSE127919","GEO 2019","CC-BY","rat/GSE127919_SCN_LCM.rds","ingested",""
"rat","GSE188475","Hippocampus","All",NA,NA,"active","RNAseq","in_vivo","GSE188475","GEO 2021","CC-BY","rat/GSE188475_Hippocampus_All.rds","download_failed","exprs empty and no parseable suppl matrix"
"rat","GSE140983","PFC","Stress_Control",NA,NA,"active","RNAseq","in_vivo","GSE140983","GEO 2020","CC-BY","rat/GSE140983_PFC_StressControl.rds","download_failed","exprs empty and no parseable suppl matrix"
"rat","GSE164900","BAT_Liver","Paired",NA,NA,"active","RNAseq","in_vivo","GSE164900","GEO 2021","CC-BY","rat/GSE164900_BATLiver_Paired.rds","no_tod_metadata","no TOD col among: title|geo_accession|status|submission_date|last_update_date|type|channel_count|source_name_ch1|organism_ch1|characteristics_ch1|characteristics_ch1.1|characteristics_ch1.2|characteristics_ch1.3|characteristics_ch1.4|treatment_protocol_ch1|growth_protocol_ch1|molecule_ch1|extract_protocol_ch1|label_ch1|label_protocol_ch1|taxid_ch1|source_name_ch2|organism_ch2|characteristics_ch2|characteristics_ch2.1|characteristics_ch2.2|characteristics_ch2.3|treatment_protocol_ch2|growth_protocol_ch2|molecule_ch2|extract_protocol_ch2|label_ch2|label_protocol_ch2|taxid_ch2|hyb_protocol|scan_protocol|description|data_processing|platform_id|contact_name|contact_email|contact_department|contact_institute|contact_address|contact_city|contact_state|contact_zip/postal_code|contact_country|supplementary_file|data_row_count|genotype:ch1|Sex:ch1|Sex:ch2|strain:ch1|strain:ch2|tissue:ch1|tissue:ch2|treatment:ch1|treatment:ch2"
"rat","GSE89773","Heart","WT",NA,NA,"active","RNAseq","in_vivo","GSE89773","GEO 2017","CC-BY","rat/GSE89773_Heart_WT.rds","download_failed","exprs empty and no parseable suppl matrix"
"rat","GSE89773","Heart","BMAL1KO",NA,NA,"active","RNAseq","in_vivo","GSE89773","GEO 2017","CC-BY","rat/GSE89773_Heart_BMAL1KO.rds","download_failed","exprs empty and no parseable suppl matrix"
"human","human","Blood","All",NA,NA,"active","RNAseq","in_vivo","GSE113883","GSE113883","CC-BY","human/GSE113883_Blood_All.rds","ingested",NA
"human","human","Muscle","All",48,19820,"active","RNAseq","in_vivo","GSE104674","Perrin et al. 2018","CC-BY","human/GSE104674_Muscle_All.rds","ingested",NA
"mouse","GSE54650","Adrenal_gland","All",24,35556,"active","microarray","in_vivo","GSE54650","Zhang et al. 2014","CC-BY","mouse/GSE54650_ADR_All.rds","ingested",""
"mouse","GSE54650","Aorta","All",24,35556,"active","microarray","in_vivo","GSE54650","Zhang et al. 2014","CC-BY","mouse/GSE54650_AOR_All.rds","ingested",""
"mouse","GSE54650","Brown_adipose","All",24,35556,"active","microarray","in_vivo","GSE54650","Zhang et al. 2014","CC-BY","mouse/GSE54650_BFAT_All.rds","ingested","strict tissue match"
"mouse","GSE54650","Brainstem","All",24,35556,"active","microarray","in_vivo","GSE54650","Zhang et al. 2014","CC-BY","mouse/GSE54650_BST_All.rds","ingested",""
"mouse","GSE54650","Cerebellum","All",24,35556,"active","microarray","in_vivo","GSE54650","Zhang et al. 2014","CC-BY","mouse/GSE54650_CER_All.rds","ingested",""
"mouse","GSE54650","Heart","All",24,35556,"active","microarray","in_vivo","GSE54650","Zhang et al. 2014","CC-BY","mouse/GSE54650_HEA_All.rds","ingested",""
"mouse","GSE54650","Hypothalamus","All",24,35556,"active","microarray","in_vivo","GSE54650","Zhang et al. 2014","CC-BY","mouse/GSE54650_HYP_All.rds","ingested",""
"mouse","GSE54650","Kidney","All",24,35556,"active","microarray","in_vivo","GSE54650","Zhang et al. 2014","CC-BY","mouse/GSE54650_KID_All.rds","ingested",""
"mouse","GSE54650","Liver","All",24,35556,"active","microarray","in_vivo","GSE54650","Zhang et al. 2014","CC-BY","mouse/GSE54650_LIV_All.rds","ingested",""
"mouse","GSE54650","Lung","All",24,35556,"active","microarray","in_vivo","GSE54650","Zhang et al. 2014","CC-BY","mouse/GSE54650_LUN_All.rds","ingested",""
"mouse","GSE54650","Muscle","All",24,35556,"active","microarray","in_vivo","GSE54650","Zhang et al. 2014","CC-BY","mouse/GSE54650_MUS_All.rds","ingested",""
"mouse","GSE54650","White_adipose","All",24,35556,"active","microarray","in_vivo","GSE54650","Zhang et al. 2014","CC-BY","mouse/GSE54650_WFAT_All.rds","ingested","strict tissue match"
